{"cameraMode":{"drawMode":0,"name":"Shaded","section":"Shading Mode"},"sceneLighting":false,"audioPlay":false,"sceneViewState":{"showFog":true,"showMaterialUpdate":true,"showSkybox":true,"showFlares":true,"showImageEffects":true,"showParticleSystems":true},"in2DMode":false,"pivot":{"x":0.0,"y":0.4025708734989166,"z":-0.008163690567016602},"rotation":{"x":-0.0008683550986461341,"y":0.998146116733551,"z":0.059061288833618167,"w":0.014676952734589577},"size":1.9421453475952149,"orthographic":false}