{"cameraMode":{"drawMode":0,"name":"Shaded","section":"Shading Mode"},"sceneLighting":false,"audioPlay":false,"sceneViewState":{"showFog":true,"showMaterialUpdate":true,"showSkybox":true,"showFlares":true,"showImageEffects":true,"showParticleSystems":true},"in2DMode":false,"pivot":{"x":0.0,"y":0.29396480321884158,"z":0.006545320153236389},"rotation":{"x":-0.005420424975454807,"y":0.9933246970176697,"z":-0.10257333517074585,"w":-0.05249291658401489},"size":1.5171005725860596,"orthographic":false}