{"cameraMode":{"drawMode":0,"name":"Shaded","section":"Shading Mode"},"sceneLighting":false,"audioPlay":false,"sceneViewState":{"showFog":true,"showMaterialUpdate":true,"showSkybox":true,"showFlares":true,"showImageEffects":true,"showParticleSystems":true},"in2DMode":false,"pivot":{"x":-8.940696716308594e-8,"y":0.47004348039627077,"z":-0.008163690567016602},"rotation":{"x":-0.005420424975454807,"y":0.9933246970176697,"z":-0.10257333517074585,"w":-0.05249291658401489},"size":2.11873459815979,"orthographic":false}