{"cameraMode":{"drawMode":0,"name":"Shaded","section":"Shading Mode"},"sceneLighting":false,"audioPlay":false,"sceneViewState":{"showFog":true,"showMaterialUpdate":true,"showSkybox":true,"showFlares":true,"showImageEffects":true,"showParticleSystems":true},"in2DMode":false,"pivot":{"x":-0.006545320153236389,"y":0.2939647138118744,"z":0.0},"rotation":{"x":-0.2495621293783188,"y":-0.06964986026287079,"z":0.017999514937400819,"w":-0.9656830430030823},"size":1.5170999765396119,"orthographic":false}