{"cameraMode":{"drawMode":0,"name":"Shaded","section":"Shading Mode"},"sceneLighting":true,"audioPlay":false,"sceneViewState":{"showFog":true,"showMaterialUpdate":true,"showSkybox":true,"showFlares":true,"showImageEffects":true,"showParticleSystems":true},"in2DMode":false,"pivot":{"x":3.954345703125,"y":2.129495859146118,"z":0.5279527902603149},"rotation":{"x":-0.1056930422782898,"y":-0.01342472992837429,"z":0.0014267908409237862,"w":-0.9943072199821472},"size":2.3334522247314455,"orthographic":false}