{"cameraMode":{"drawMode":0,"name":"Shaded","section":"Shading Mode"},"sceneLighting":false,"audioPlay":false,"sceneViewState":{"showFog":true,"showMaterialUpdate":true,"showSkybox":true,"showFlares":true,"showImageEffects":true,"showParticleSystems":true},"in2DMode":false,"pivot":{"x":5.960464477539063e-8,"y":0.2260582447052002,"z":0.006545901298522949},"rotation":{"x":-0.0008683550986461341,"y":0.998146116733551,"z":0.059061288833618167,"w":0.014676952734589577},"size":1.3491852283477784,"orthographic":false}