{"cameraMode":{"drawMode":0,"name":"Shaded","section":"Shading Mode"},"sceneLighting":false,"audioPlay":false,"sceneViewState":{"showFog":true,"showMaterialUpdate":true,"showSkybox":true,"showFlares":true,"showImageEffects":true,"showParticleSystems":true},"in2DMode":false,"pivot":{"x":8.940696716308594e-8,"y":0.47004348039627077,"z":0.008163660764694214},"rotation":{"x":-0.0008683550986461341,"y":0.998146116733551,"z":0.059061288833618167,"w":0.014676952734589577},"size":2.11873459815979,"orthographic":false}