{"cameraMode":{"drawMode":0,"name":"Shaded","section":"Shading Mode"},"sceneLighting":false,"audioPlay":false,"sceneViewState":{"showFog":true,"showMaterialUpdate":true,"showSkybox":true,"showFlares":true,"showImageEffects":true,"showParticleSystems":true},"in2DMode":false,"pivot":{"x":-7.450580596923828e-8,"y":0.33603477478027346,"z":-0.007111281156539917},"rotation":{"x":-0.2495621293783188,"y":-0.06964986026287079,"z":0.017999514937400819,"w":-0.9656830430030823},"size":1.6715378761291505,"orthographic":false}